user_id,student name
0188f940-f617-11f0-91d3-3942f412fb6d,Emily Gonzalez
01ba4730-d6c2-11f0-8b12-679e81e1cfee,Reid Owens
02fc9c00-d5e2-11f0-a6a5-77e3b1a85dba,Jesse Cox
03174ff0-d5e2-11f0-8cdd-718b106cb3fe,Brayden Kouyate
03724500-9af9-11f0-ac1b-6b9d1a50b4d0,Thomas Cannon
053b3bf0-9719-11f0-98f0-8fa136ce7dc9,Chloe Thomas
053d85e0-9719-11f0-98f0-8fa136ce7dc9,Elena Ramos
053f81b0-9719-11f0-98f0-8fa136ce7dc9,Riya Kumar
05415670-9719-11f0-98f0-8fa136ce7dc9,Carter Larsson
0542dd10-9719-11f0-98f0-8fa136ce7dc9,Garrett Kouyate
054463b0-9719-11f0-98f0-8fa136ce7dc9,Alvis Wallace
05461160-9719-11f0-98f0-8fa136ce7dc9,Belinda Vasquez
05483440-9719-11f0-98f0-8fa136ce7dc9,Lucas Cruz
054af360-9719-11f0-98f0-8fa136ce7dc9,Astrid Herrera
054cef30-9719-11f0-98f0-8fa136ce7dc9,Rhett James
054f3920-9719-11f0-98f0-8fa136ce7dc9,Hudson Ferguson
0550e6d0-9719-11f0-98f0-8fa136ce7dc9,Brayden Mitchell
0552e2a0-9719-11f0-98f0-8fa136ce7dc9,Alger Roberts
0554b760-9719-11f0-98f0-8fa136ce7dc9,Zane Ryan
05568c20-9719-11f0-98f0-8fa136ce7dc9,Stephanie Thompson
055839d0-9719-11f0-98f0-8fa136ce7dc9,Belle Diallo
055a0e90-9719-11f0-98f0-8fa136ce7dc9,Parker Garza
055c3170-9719-11f0-98f0-8fa136ce7dc9,Caleb Sylla
055e0630-9719-11f0-98f0-8fa136ce7dc9,Ruben Pierce
05600200-9719-11f0-98f0-8fa136ce7dc9,Liliana Scott
0561fdd0-9719-11f0-98f0-8fa136ce7dc9,John Hayes
0563ab80-9719-11f0-98f0-8fa136ce7dc9,Xena Green
0565a750-9719-11f0-98f0-8fa136ce7dc9,Riya Evans
056706e0-9719-11f0-98f0-8fa136ce7dc9,Alger Vasquez
08023760-0115-11f1-97d5-ff4855450e9f,Amaya Arnold
08040c20-0115-11f1-97d5-ff4855450e9f,Camden Peters
0805b9d0-0115-11f1-97d5-ff4855450e9f,Winston Graham
085f4620-efeb-11f0-879b-a984aa240267,Talia Torres
0a3da0a0-f7ce-11f0-9582-cbd7888be941,Destiny Nwachukwu
0a439410-f7ce-11f0-9582-cbd7888be941,Samantha Price
0a49fcb0-f7ce-11f0-9582-cbd7888be941,Bethany Munoz
0a4b5c40-f7ce-11f0-9582-cbd7888be941,Taylor Lindqvist
0bb125f0-9767-11f0-af13-9f1d1d273af5,Jake Fox
0bb321c0-9767-11f0-af13-9f1d1d273af5,Zoe Chavez
0bb4f680-9767-11f0-af13-9f1d1d273af5,Chloe Stone
0bb65610-9767-11f0-af13-9f1d1d273af5,Ariel Washington
0bb803c0-9767-11f0-af13-9f1d1d273af5,Joshua Kim
0bb98a60-9767-11f0-af13-9f1d1d273af5,Steven Kim
0bbb1100-9767-11f0-af13-9f1d1d273af5,Brittney Jennings
0bbc97a0-9767-11f0-af13-9f1d1d273af5,Amby Richardson
0bbd5af0-9767-11f0-af13-9f1d1d273af5,Summer Cox
0bbee190-9767-11f0-af13-9f1d1d273af5,Sara Larsson
0db622c0-06ba-11f1-b831-3b943e91cd37,Cecelia Castillo
0f0d9680-19c0-11f1-8963-33faf4a27476,Aurelia Christensen
0f2f6530-a526-11f0-aea4-6f48d3d0e3e5,Allyn Pierce
0fdb4d50-9af9-11f0-8828-fb9c0dc11627,Jake Ward
118a4fa0-a85c-11f0-860f-87c06a23fece,Amon Cho
14b676d0-a30d-11f0-946f-f9e3c83270fe,Aaliyah Harris
14b82480-a30d-11f0-946f-f9e3c83270fe,Willow Gray
14b9d230-a30d-11f0-946f-f9e3c83270fe,Brantley Cannon
14bb58d0-a30d-11f0-946f-f9e3c83270fe,Levi Barker
14bcdf70-a30d-11f0-946f-f9e3c83270fe,Annabelle Wang
14be8d20-a30d-11f0-946f-f9e3c83270fe,Amsha Ruiz
14bfecb0-a30d-11f0-946f-f9e3c83270fe,Olivia Murphy
14c17350-a30d-11f0-946f-f9e3c83270fe,Amu Webb
14c48090-a30d-11f0-946f-f9e3c83270fe,Wayne Morris
1516c450-eb50-11f0-a622-69ceb8c645d9,Ruben Mcgrath
1518c020-eb50-11f0-a622-69ceb8c645d9,Bentley Suzuki
154d5670-9716-11f0-8f8a-e1615c0bcef0,Elijah Castillo
154f2b30-9716-11f0-8f8a-e1615c0bcef0,Bronwyn Sullivan
1550d8e0-9716-11f0-8f8a-e1615c0bcef0,Candace Collins
15525f80-9716-11f0-8f8a-e1615c0bcef0,Sean Sharma
15543440-9716-11f0-8f8a-e1615c0bcef0,Garrett Gray
1555e1f0-9716-11f0-8f8a-e1615c0bcef0,Aldric Hughes
1557b6b0-9716-11f0-8f8a-e1615c0bcef0,Cecilia Chukwu
156b5b70-bff7-11f0-a2a0-abd63186a1a1,Liam Warren
15d2e1f0-990a-11f0-bd46-493a1ae700ee,Amis Martinez
15d79ce0-990a-11f0-bd46-493a1ae700ee,Emily Pierce
15db4660-990a-11f0-bd46-493a1ae700ee,Adriana Murray
1a7b30a0-dc2f-11f0-a951-5356fa099b95,Hazel Ford
1b8a6220-f617-11f0-a447-85ae36dbc61e,Caleb Baker
1ba8aec0-1443-11f1-9179-75f205c4597e,Brie Scott
1cf8b180-9af9-11f0-8014-eb28e5c14ce8,Amsu Reed
1db2fe30-a528-11f0-8698-ad6f53ab244b,Madelyn Huang
1fbe6bc0-9afa-11f0-9d43-c11003db0c57,Damian Olson
1fc1a010-9afa-11f0-9d43-c11003db0c57,Amsel Cannon
1fc39be0-9afa-11f0-9d43-c11003db0c57,Morgan Coulibaly
1fc808b0-9afa-11f0-9d43-c11003db0c57,George Black
1fcaa0c0-9afa-11f0-9d43-c11003db0c57,Allyn Grant
1fcc4e70-9afa-11f0-9d43-c11003db0c57,Amador Nair
1fce4a40-9afa-11f0-9d43-c11003db0c57,Amari Morgan
1fcff7f0-9afa-11f0-9d43-c11003db0c57,Selena Cole
1fd15780-9afa-11f0-9d43-c11003db0c57,Levi Nichols
1fd30530-9afa-11f0-9d43-c11003db0c57,Henry Barry
1fd4d9f0-9afa-11f0-9d43-c11003db0c57,Reese Wallace
1fd6aeb0-9afa-11f0-9d43-c11003db0c57,Mason Torres
1fd85c60-9afa-11f0-9d43-c11003db0c57,Gabriel Chavez
1fda3120-9afa-11f0-9d43-c11003db0c57,Lincoln Taylor
23b8c7c0-c624-11f0-ad20-49b26efe51bf,Althea Torres
269e12e0-98bd-11f0-bebb-21b52458a554,Amr Stevens
26a00eb0-98bd-11f0-bebb-21b52458a554,Ricardo Park
26a1bc60-98bd-11f0-bebb-21b52458a554,Nina Coulibaly
26a47b80-98bd-11f0-bebb-21b52458a554,Phoebe Magnusson
26a60220-98bd-11f0-bebb-21b52458a554,Amias Marshall
26a90f60-98bd-11f0-bebb-21b52458a554,Amias Malone
26acb8e0-98bd-11f0-bebb-21b52458a554,Lauren Carter
26ae1870-98bd-11f0-bebb-21b52458a554,Sadie Fitzgerald
26b01440-98bd-11f0-bebb-21b52458a554,William Cannon
26b21010-98bd-11f0-bebb-21b52458a554,Alonso Wang
26b6f210-98bd-11f0-bebb-21b52458a554,Stella Phillips
26b93c00-98bd-11f0-bebb-21b52458a554,Dylan Rhodes
26bd5ab0-98bd-11f0-bebb-21b52458a554,Warren Edwards
26c34e20-98bd-11f0-bebb-21b52458a554,Serena Barnes
26cebfd0-98bd-11f0-bebb-21b52458a554,Lauren Diallo
26d26950-98bd-11f0-bebb-21b52458a554,Belinda Cox
26d4b340-98bd-11f0-bebb-21b52458a554,Astrid Ortiz
2736f080-990a-11f0-bd46-493a1ae700ee,Ricardo Sato
2770a9c0-d545-11f0-9064-c348e8d1ef7e,Shannon Hill
27878d20-d545-11f0-9064-c348e8d1ef7e,Azaria Toure
2798dc60-0cd6-11f1-bed3-3fb61c89a461,Maverick Sanchez
279ab120-0cd6-11f1-bed3-3fb61c89a461,Celeste Davis
27b49170-d6c2-11f0-ac9c-ffef900ef19e,Elena Stevens
2c8c5ca0-9766-11f0-a636-33758974d957,Alyssa Malone
2c8f42d0-9766-11f0-a636-33758974d957,Brie Zhou
2c90f080-9766-11f0-a636-33758974d957,Nicole Hale
2c978030-9766-11f0-a636-33758974d957,Gabriel Myers
2c992de0-9766-11f0-a636-33758974d957,Alfred Johnson
2c9ab480-9766-11f0-a636-33758974d957,Arabella Olson
2c9e5e00-9766-11f0-a636-33758974d957,Amber Jimenez
2ca032c0-9766-11f0-a636-33758974d957,Aubree Johansson
2ca22e90-9766-11f0-a636-33758974d957,Brielle James
2ca3dc40-9766-11f0-a636-33758974d957,Lauren Wagner
2ddecdb0-af56-11f0-8092-43261129b05d,Ivan Robinson
2e6d4a40-9769-11f0-9306-7bdeedb91542,Chanel Young
2e6ef7f0-9769-11f0-9306-7bdeedb91542,Sterling Robinson
2e70ccb0-9769-11f0-9306-7bdeedb91542,Lillian Larsen
2e747630-9769-11f0-9306-7bdeedb91542,Amira Singh
2e75fcd0-9769-11f0-9306-7bdeedb91542,Amso Reyes
2e77f8a0-9769-11f0-9306-7bdeedb91542,Leah Shah
2e797f40-9769-11f0-9306-7bdeedb91542,Christian Gutierrez
2e7ac7b0-fe07-11f0-83d6-89b08f34a6fb,Victoria Wright
2e7aded0-9769-11f0-9306-7bdeedb91542,Keegan Rhodes
2e7e1320-9769-11f0-9306-7bdeedb91542,Greyson Pettersson
2e800ef0-9769-11f0-9306-7bdeedb91542,Sara Hansen
2e816e80-9769-11f0-9306-7bdeedb91542,Michael Adams
2e839160-9769-11f0-9306-7bdeedb91542,Alvis Christensen
2ee208e0-9718-11f0-98f0-8fa136ce7dc9,Carol Stone
2ee4a0f0-9718-11f0-98f0-8fa136ce7dc9,Ramiro Jordan
2ee78720-9718-11f0-98f0-8fa136ce7dc9,Sterling Murray
2ee934d0-9718-11f0-98f0-8fa136ce7dc9,Summer Jennings
2eeb57b0-9718-11f0-98f0-8fa136ce7dc9,Nevaeh Romero
2eed2c70-9718-11f0-98f0-8fa136ce7dc9,Ambrosia Stone
2eef0130-9718-11f0-98f0-8fa136ce7dc9,Brooklyn Jones
2ef0aee0-9718-11f0-98f0-8fa136ce7dc9,Amby Nilsson
2ef23580-9718-11f0-98f0-8fa136ce7dc9,Hunter Nguyen
2ef43150-9718-11f0-98f0-8fa136ce7dc9,Catherine Gonzales
2f45ddf0-9e22-11f0-82d3-75f647386f16,Camille Olson
305ef470-a317-11f0-abed-a3ce58effcaf,Phoebe Weaver
3060f040-a317-11f0-abed-a3ce58effcaf,Victoria Owens
34931700-a471-11f0-9d83-edcf55bb7803,Aniyah Crawford
359a90c0-9b01-11f0-8014-eb28e5c14ce8,Bentley Gallagher
364a6420-b33c-11f0-b56e-f3a3f71cf3ae,Charity Hicks
37a807f0-9767-11f0-9260-c96e3dabd505,Amsha Jones
37a9b5a0-9767-11f0-9260-c96e3dabd505,Seth Parker
37abb170-9767-11f0-9260-c96e3dabd505,Eva Olson
37ad5f20-9767-11f0-9260-c96e3dabd505,Sofia Collins
37b01e40-9767-11f0-9260-c96e3dabd505,Madeline Freeman
37b1f300-9767-11f0-9260-c96e3dabd505,Roland Graham
37b611b0-9767-11f0-9260-c96e3dabd505,Alyson Jordan
37b80d80-9767-11f0-9260-c96e3dabd505,Stephanie Kumar
37b9bb30-9767-11f0-9260-c96e3dabd505,Amis Ruiz
37bb68e0-9767-11f0-9260-c96e3dabd505,Addison Mitchell
37bd3da0-9767-11f0-9260-c96e3dabd505,Aubree Henry
37bfaea0-9767-11f0-9260-c96e3dabd505,Joseph Johnson
37c1d180-9767-11f0-9260-c96e3dabd505,Tyler Bell
37c46990-9767-11f0-9260-c96e3dabd505,Randall Hughes
37c63e50-9767-11f0-9260-c96e3dabd505,Azalea Sylla
37d1b5b0-9af9-11f0-922f-d500b4f7d82b,Augustina Larsson
3ac1f5f0-9716-11f0-919d-1d0f75a99e69,Logan Morris
3ac37c90-9716-11f0-919d-1d0f75a99e69,Claire Brooks
3ac50330-9716-11f0-919d-1d0f75a99e69,Cheryl Jackson
3ac689d0-9716-11f0-919d-1d0f75a99e69,Aniyah Christensen
3ac85e90-9716-11f0-919d-1d0f75a99e69,Athena Fitzgerald
3ac9be20-9716-11f0-919d-1d0f75a99e69,Cora Perez
3b2f4db0-8c55-11f0-b728-9ff98481cca7,Agnes Arnold
3bd066d0-9765-11f0-a636-33758974d957,Michael Kelley
3bd21480-9765-11f0-a636-33758974d957,Molly Harrison
3bd39b20-9765-11f0-a636-33758974d957,Landon Gardner
3bd4fab0-9765-11f0-a636-33758974d957,Ashlee James
3bd6a860-9765-11f0-a636-33758974d957,Knox Price
3bd9dcb0-9765-11f0-a636-33758974d957,Dillon Lawson
3bdb8a60-9765-11f0-a636-33758974d957,Owen Sullivan
3bdf33e0-9765-11f0-a636-33758974d957,Tucker Burke
3be0e190-9765-11f0-a636-33758974d957,Serena Webb
3be24120-9765-11f0-a636-33758974d957,Brantley Edwards
3be35290-9765-11f0-a636-33758974d957,Annalise Martin
3be52750-9765-11f0-a636-33758974d957,Amelia Griffin
3be686e0-9765-11f0-a636-33758974d957,Gavin Kato
3be80d80-9765-11f0-a636-33758974d957,Ana Hunt
3be9bb30-9765-11f0-a636-33758974d957,Rachel West
3beb1ac0-9765-11f0-a636-33758974d957,Jack Barnes
3beca160-9765-11f0-a636-33758974d957,Allyn Rice
3bee7620-9765-11f0-a636-33758974d957,Ricardo Scott
3bf023d0-9765-11f0-a636-33758974d957,Ricardo Daniels
3bf1f890-9765-11f0-a636-33758974d957,Amon Bates
3bf3a640-9765-11f0-a636-33758974d957,Amu Moreno
3bf4b7b0-9765-11f0-a636-33758974d957,Wyatt Cook
3bf63e50-9765-11f0-a636-33758974d957,Ramiro Sullivan
3d3eb3b0-efd4-11f0-9263-1fecd90f443b,Summer Martin
3d75c940-efd4-11f0-b113-0d8cf245b975,Scarlett Mcgrath
4001fb30-9768-11f0-af13-9f1d1d273af5,Amaya Holmes
4003f700-9768-11f0-af13-9f1d1d273af5,Amabel Mehta
40055690-9768-11f0-af13-9f1d1d273af5,Sofia Barker
40068f10-9768-11f0-af13-9f1d1d273af5,Lauren Wells
400bbf30-9768-11f0-af13-9f1d1d273af5,Joseph Brennan
400dbb00-9768-11f0-af13-9f1d1d273af5,Noah Okafor
400f68b0-9768-11f0-af13-9f1d1d273af5,Cecelia Henderson
4010ef50-9768-11f0-af13-9f1d1d273af5,Angela Fitzgerald
40129d00-9768-11f0-af13-9f1d1d273af5,Grace Moreno
4013fc90-9768-11f0-af13-9f1d1d273af5,Sterling Cooper
4016e2c0-9768-11f0-af13-9f1d1d273af5,Shane Sharma
40189070-9768-11f0-af13-9f1d1d273af5,Agatha Christensen
4019f000-9768-11f0-af13-9f1d1d273af5,Allegra Rhodes
401b76a0-9768-11f0-af13-9f1d1d273af5,Salvador Barry
401d2450-9768-11f0-af13-9f1d1d273af5,Cora Barnes
401ed200-9768-11f0-af13-9f1d1d273af5,Asia Munoz
402058a0-9768-11f0-af13-9f1d1d273af5,Jocelyn Pettersson
40220650-9768-11f0-af13-9f1d1d273af5,Shawn Swanson
40384e80-990a-11f0-bd46-493a1ae700ee,Liam Dixon
4039fc30-990a-11f0-bd46-493a1ae700ee,Veronica Graham
403b5bc0-990a-11f0-bd46-493a1ae700ee,Alwin Hansen
403d0970-990a-11f0-bd46-493a1ae700ee,Troy Chen
403e41f0-990a-11f0-bd46-493a1ae700ee,Azalea Walsh
403fc890-990a-11f0-bd46-493a1ae700ee,Nicole Mehta
40414f30-990a-11f0-bd46-493a1ae700ee,Amias Foster
4042fce0-990a-11f0-bd46-493a1ae700ee,Charles Crawford
40445c70-990a-11f0-bd46-493a1ae700ee,Amram Patel
404594f0-990a-11f0-bd46-493a1ae700ee,Elena Ellis
404742a0-990a-11f0-bd46-493a1ae700ee,Aileen Cole
40487b20-990a-11f0-bd46-493a1ae700ee,Garrett Watson
4049dab0-990a-11f0-bd46-493a1ae700ee,Owen White
404b3a40-990a-11f0-bd46-493a1ae700ee,Samantha Huang
404c4bb0-990a-11f0-bd46-493a1ae700ee,Brooklyn Ito
404d3610-990a-11f0-bd46-493a1ae700ee,Alston Andersen
404ebcb0-990a-11f0-bd46-493a1ae700ee,Maria Blair
417cdf90-be71-11f0-b860-734252e4dfd0,Amiyah Bates
41ceb050-bff6-11f0-aa28-45c5bdd7e157,Nico Watson
42be1ec0-a52e-11f0-841f-af77c304a747,Aiden Collins
42cef8f0-0c0b-11f1-a526-353fe83e65d9,August Wallace
4339bb80-a85c-11f0-860f-87c06a23fece,Devin Pillai
43841830-9af9-11f0-8828-fb9c0dc11627,Betty Sanchez
44134840-9769-11f0-9260-c96e3dabd505,Shannon Peterson
44151d00-9769-11f0-9260-c96e3dabd505,Ambrose Kelly
4416a3a0-9769-11f0-9260-c96e3dabd505,Betty Chukwu
44185150-9769-11f0-9260-c96e3dabd505,Theo Walsh
4419ff00-9769-11f0-9260-c96e3dabd505,Caitlyn Oconnor
441b85a0-9769-11f0-9260-c96e3dabd505,Beatrix Cruz
441d0c40-9769-11f0-9260-c96e3dabd505,Amina Tanaka
441e92e0-9769-11f0-9260-c96e3dabd505,Quentin McDonald
4420b5c0-9769-11f0-9260-c96e3dabd505,Rex Okafor
4421ee40-9769-11f0-9260-c96e3dabd505,Bridget Murray
44241120-9769-11f0-9260-c96e3dabd505,Reid Connolly
44260cf0-9769-11f0-9260-c96e3dabd505,Violet Jimenez
4427baa0-9769-11f0-9260-c96e3dabd505,Keegan Freeman
44294140-9769-11f0-9260-c96e3dabd505,Vance Boyd
442ac7e0-9769-11f0-9260-c96e3dabd505,Celeste Adams
442dd520-9769-11f0-9260-c96e3dabd505,Declan Bennett
454b7360-9717-11f0-b59d-f595dff457f0,Remi Blair
454f1ce0-9717-11f0-b59d-f595dff457f0,Lila Gonzales
45555e70-9717-11f0-b59d-f595dff457f0,Levi Barber
4557a860-9717-11f0-b59d-f595dff457f0,Ashley Moreno
455a1960-9717-11f0-b59d-f595dff457f0,Chanel Chen
455bc710-9717-11f0-b59d-f595dff457f0,Alton Young
455e5f20-9717-11f0-b59d-f595dff457f0,Marissa Mckinney
45619370-9717-11f0-b59d-f595dff457f0,April Larsen
456515e0-9717-11f0-b59d-f595dff457f0,Benjamin Andersen
456786e0-9717-11f0-b59d-f595dff457f0,Alger Zhao
456982b0-9717-11f0-b59d-f595dff457f0,Lucas Stephens
456b7e80-9717-11f0-b59d-f595dff457f0,Sean Chambers
45fa6630-f0aa-11f0-b7d0-5564b9c217af,Alvis Traore
48d0bb30-9767-11f0-af13-9f1d1d273af5,Cheyenne Wallace
48d32c30-9767-11f0-af13-9f1d1d273af5,Brigitte Wallace
48d54f10-9767-11f0-af13-9f1d1d273af5,Trinity Brennan
48d79900-9767-11f0-af13-9f1d1d273af5,Brie Anderson
48d8f890-9767-11f0-af13-9f1d1d273af5,April Ferguson
48daa640-9767-11f0-af13-9f1d1d273af5,Arya Myers
48dc2ce0-9767-11f0-af13-9f1d1d273af5,Blaire Bailey
48dd6560-9767-11f0-af13-9f1d1d273af5,Amsy Wilson
48deec00-9767-11f0-af13-9f1d1d273af5,Alister Nilsson
48e04b90-9767-11f0-af13-9f1d1d273af5,Carter Nelson
48e1d230-9767-11f0-af13-9f1d1d273af5,Aurelia Howard
48e3a6f0-9767-11f0-af13-9f1d1d273af5,Bernice Ortiz
48e5a2c0-9767-11f0-af13-9f1d1d273af5,Lillian Mendoza
48e79e90-9767-11f0-af13-9f1d1d273af5,Alfred Rose
4a1a30d0-9af9-11f0-8d02-933cd21ac5cf,Morgan Suzuki
4a1bde80-9af9-11f0-8d02-933cd21ac5cf,Allegra Ferguson
4a1e2870-9af9-11f0-8d02-933cd21ac5cf,Alfred Vasquez
4a1fd620-9af9-11f0-8d02-933cd21ac5cf,Aspen Kennedy
4a215cc0-9af9-11f0-8d02-933cd21ac5cf,Connor Zhang
4a257b70-9af9-11f0-8d02-933cd21ac5cf,Evelyn Coulibaly
4a26db00-9af9-11f0-8d02-933cd21ac5cf,Aubrey Daniels
4a2861a0-9af9-11f0-8d02-933cd21ac5cf,Kai Scott
4a299a20-9af9-11f0-8d02-933cd21ac5cf,Matthew Thomas
4a2af9b0-9af9-11f0-8d02-933cd21ac5cf,Selena Simmons
4a2c5940-9af9-11f0-8d02-933cd21ac5cf,Benjamin Gray
4a2db8d0-9af9-11f0-8d02-933cd21ac5cf,Luca Reed
4a2e8f60-9718-11f0-8f8a-e1615c0bcef0,Amias Murphy
4a2fc4b0-9714-11f0-96e6-7b227a5b08f2,Jaden Chen
4a306420-9718-11f0-8f8a-e1615c0bcef0,Otto Spencer
4a319970-9714-11f0-96e6-7b227a5b08f2,Brianna Murphy
4a3211d0-9718-11f0-8f8a-e1615c0bcef0,Carson Black
4a336e30-9714-11f0-96e6-7b227a5b08f2,Piper Hansen
4a33bf80-9718-11f0-8f8a-e1615c0bcef0,Daniel Black
4a354620-9718-11f0-8f8a-e1615c0bcef0,Alen Watts
4a35b820-9714-11f0-96e6-7b227a5b08f2,Garrett Hill
4a36a5b0-9718-11f0-8f8a-e1615c0bcef0,Nash Turner
4a387a70-9718-11f0-8f8a-e1615c0bcef0,Shawn Morgan
4a39d6d0-9714-11f0-96e6-7b227a5b08f2,Jackson Fernandez
4a3a4f30-9718-11f0-8f8a-e1615c0bcef0,Amsu Nolan
4a3b3660-9714-11f0-96e6-7b227a5b08f2,Ann Scott
4a3b87b0-9718-11f0-8f8a-e1615c0bcef0,Camille Herrera
4a3ce410-9714-11f0-96e6-7b227a5b08f2,Ava Mckinney
4a3d3560-9718-11f0-8f8a-e1615c0bcef0,Amish Collins
4a3e43a0-9714-11f0-96e6-7b227a5b08f2,Alycia Pierce
4a3ee310-9718-11f0-8f8a-e1615c0bcef0,Belle Gray
4a3fca40-9714-11f0-96e6-7b227a5b08f2,Alyssa Powell
4a401b90-9718-11f0-8f8a-e1615c0bcef0,Carmen Tucker
4a4150e0-9714-11f0-96e6-7b227a5b08f2,Cecelia Xu
4a41a230-9718-11f0-8f8a-e1615c0bcef0,Beverly Brennan
4a42b070-9714-11f0-96e6-7b227a5b08f2,Tamara Warren
4a445e20-9714-11f0-96e6-7b227a5b08f2,Sandra Hall
4a448860-9718-11f0-8f8a-e1615c0bcef0,Ricardo Tanaka
4a476b60-9714-11f0-96e6-7b227a5b08f2,Nico Inoue
4a48f200-9714-11f0-96e6-7b227a5b08f2,Alfred Ferguson
4a4a9fb0-9714-11f0-96e6-7b227a5b08f2,Julian Yoon
4a4c7470-9714-11f0-96e6-7b227a5b08f2,Alison Ortiz
4b80b3c0-8c55-11f0-84bc-9d4f35a95b9f,Brigitte Kim
4c82ed60-f172-11f0-90d2-dd3f572544a4,Winston Woods
4c85faa0-f172-11f0-90d2-dd3f572544a4,Wayne Snyder
4c878140-f172-11f0-90d2-dd3f572544a4,Remington Johansson
4dba8e00-1327-11f1-80c7-17c7cba176e5,Emma Nair
4fe50f10-9768-11f0-9260-c96e3dabd505,Leila Baker
4fe86a70-9768-11f0-9260-c96e3dabd505,Maxwell Malone
4fe9f110-9768-11f0-9260-c96e3dabd505,Amis Johansson
4feb77b0-9768-11f0-9260-c96e3dabd505,Mateo Huang
4fecfe50-9768-11f0-9260-c96e3dabd505,Amita Yamamoto
4feed310-9768-11f0-9260-c96e3dabd505,Amelia Mitchell
4ff032a0-9768-11f0-9260-c96e3dabd505,Russell Griffin
4ff20760-9768-11f0-9260-c96e3dabd505,Arya Marshall
4ff33fe0-9768-11f0-9260-c96e3dabd505,Adeline Pedersen
4ff64d20-9768-11f0-9260-c96e3dabd505,Aniya Yang
4ff7d3c0-9768-11f0-9260-c96e3dabd505,Amso Ryan
4ff95a60-9768-11f0-9260-c96e3dabd505,August Toure
4ffbf270-9768-11f0-9260-c96e3dabd505,Althea Stephens
4fff26c0-9768-11f0-9260-c96e3dabd505,Amaya Tucker
5004f320-9768-11f0-9260-c96e3dabd505,Adeline Ruiz
500e1ae0-9768-11f0-9260-c96e3dabd505,Remi Morgan
50193e70-9768-11f0-9260-c96e3dabd505,Lindsay Stone
501d5d20-9768-11f0-9260-c96e3dabd505,Greyson Diallo
501f31e0-9768-11f0-9260-c96e3dabd505,Fletcher Barnes
5074b6e0-a2d7-11f0-8b84-6183469d497c,Ian Xu
54ba52c0-d44e-11f0-a972-197f8b27f2b8,Rex Okonkwo
54bd8710-d44e-11f0-a972-197f8b27f2b8,Ronald Evans
54bee6a0-d44e-11f0-a972-197f8b27f2b8,Makayla Wagner
5625f4c0-f0aa-11f0-8610-253438e3e2e9,Priya Dunn
56621270-980d-11f0-aaba-4782b47e87eb,Elias Hicks
597f5120-9e25-11f0-a759-35e5184c5774,Isabella Nwachukwu
59dbb0b0-10de-11f1-a429-a911d6503632,Miles Burns
59e37cd0-9764-11f0-9260-c96e3dabd505,John Ramirez
59e578a0-9764-11f0-9260-c96e3dabd505,Zelda Reed
59e6ff40-9764-11f0-9260-c96e3dabd505,Amita Turner
59e8acf0-9764-11f0-9260-c96e3dabd505,Ava Olsson
59ea0c80-9764-11f0-9260-c96e3dabd505,Valeria Zhang
59ebe140-9764-11f0-9260-c96e3dabd505,Blythe Connolly
59ed40d0-9764-11f0-9260-c96e3dabd505,Wayne Jenkins
59eec770-9764-11f0-9260-c96e3dabd505,Addison Kennedy
59f04e10-9764-11f0-9260-c96e3dabd505,Amiri Murphy
59f222d0-9764-11f0-9260-c96e3dabd505,Christopher Hale
5a00a1c0-9764-11f0-9260-c96e3dabd505,Amitai Nguyen
5a06e350-9764-11f0-9260-c96e3dabd505,Ellie Bennett
5a0ab3e0-9764-11f0-9260-c96e3dabd505,Ivy Nilsson
5a0fe400-9764-11f0-9260-c96e3dabd505,Abby Baker
5a11b8c0-9764-11f0-9260-c96e3dabd505,Serena Rogers
5a131850-9764-11f0-9260-c96e3dabd505,Alva Cole
5a14ed10-9764-11f0-9260-c96e3dabd505,Carol Munoz
5a1673b0-9764-11f0-9260-c96e3dabd505,Amara Walsh
5a184870-9764-11f0-9260-c96e3dabd505,Scott Nolan
5a1a4440-9764-11f0-9260-c96e3dabd505,Ada Pettersson
5a1c6720-9764-11f0-9260-c96e3dabd505,Anthony Phillips
5a1e14d0-9764-11f0-9260-c96e3dabd505,Megan Kim
5a1fc280-9764-11f0-9260-c96e3dabd505,Stephanie Adams
5a214920-9764-11f0-9260-c96e3dabd505,Axel Murray
5a43d3e0-bff6-11f0-82ae-ad14c0d690ae,Hailey Sylla
5c307860-9af9-11f0-922f-d500b4f7d82b,Audrey Reyes
5d9d3ce0-8c55-11f0-909e-e96e7bfd753e,Oliver Christensen
5e10dd90-9edd-11f0-a39c-a7f18ae5c796,Amara Zhang
5e43ad60-9edd-11f0-a39c-a7f18ae5c796,Zara Taylor
5e72d3b0-9edd-11f0-a39c-a7f18ae5c796,Rhiannon Porter
5ea29640-9edd-11f0-9dc2-cb266b17ceeb,Ronald Suzuki
5ec86dc0-9edd-11f0-a39c-a7f18ae5c796,Paisley Bryant
5ef9b6f0-9edd-11f0-ad0b-bd2a79f0517e,Stephanie Coleman
5f213c20-9edd-11f0-9dc2-cb266b17ceeb,August Murphy
5f83f590-9edd-11f0-9dc2-cb266b17ceeb,Chelsea Cole
5fa84670-9edd-11f0-a39c-a7f18ae5c796,Ivy Webb
5fd745b0-9edd-11f0-9dc2-cb266b17ceeb,Emmett Torres
5ffc0bc0-9edd-11f0-9dc2-cb266b17ceeb,Anthony Myers
602cdfc0-9edd-11f0-bee6-1d3b62bd1e9d,Adriana Pettersson
60484270-efdb-11f0-b37e-0596950fcf45,Whitney Gallagher
6052de50-9edd-11f0-ad0b-bd2a79f0517e,Parker Wang
607867b0-9edd-11f0-ad0b-bd2a79f0517e,Abby Rhodes
609f2990-9edd-11f0-bee6-1d3b62bd1e9d,Tiffany Han
60c52820-9edd-11f0-ad0b-bd2a79f0517e,Cecilia Cho
60d0dc80-b0e7-11f0-98a5-69e16b450e3e,Amador Adams
613236e0-d6b9-11f0-b4bd-77a3adf1f81a,Michael Doyle
64775dc0-0211-11f1-ba23-57c4f367fe3d,Alicia Ruiz
66f398e0-9af9-11f0-8d02-933cd21ac5cf,Daniel Campbell
6792c490-1d5a-11f1-a40b-d9d735aad3b9,Rebecca Andersen
68cd9fd0-9766-11f0-af13-9f1d1d273af5,Henry Washington
68cf9ba0-9766-11f0-af13-9f1d1d273af5,Matthew Morales
68d12240-9766-11f0-af13-9f1d1d273af5,Amelia Pillai
68d4a4b0-9766-11f0-af13-9f1d1d273af5,Azalea Vasquez
68d60440-9766-11f0-af13-9f1d1d273af5,Emilio Larsen
68d78ae0-9766-11f0-af13-9f1d1d273af5,Amabel Kang
68d91180-9766-11f0-af13-9f1d1d273af5,Aaliyah Zhang
68dd3030-9766-11f0-af13-9f1d1d273af5,Amira Christensen
68e0b2a0-9766-11f0-af13-9f1d1d273af5,Tyler Mills
68e40e00-9766-11f0-af13-9f1d1d273af5,Dominic Hughes
68e56d90-9766-11f0-af13-9f1d1d273af5,Alora Burke
68e6cd20-9766-11f0-af13-9f1d1d273af5,Amjad Porter
6930d5a0-aac6-11f0-9b82-87e270b3a0de,Ariel Toure
6a6b5f60-9768-11f0-9125-4fcd4ccb4338,Nora Suzuki
6a6d8240-9768-11f0-9125-4fcd4ccb4338,Aurora Stone
6a6f2ff0-9768-11f0-9125-4fcd4ccb4338,Skyler Warren
6a708f80-9768-11f0-9125-4fcd4ccb4338,Sofia Rhodes
6a71c800-9768-11f0-9125-4fcd4ccb4338,Amr Smith
6a734ea0-9768-11f0-9125-4fcd4ccb4338,Chanel Sato
6a748720-9768-11f0-9125-4fcd4ccb4338,Alphonse Ramirez
6a75e6b0-9768-11f0-9125-4fcd4ccb4338,Kinsley Pillai
6a779460-9768-11f0-9125-4fcd4ccb4338,Andrea Oh
6a791b00-9768-11f0-9125-4fcd4ccb4338,Azalea Clark
6a7aa1a0-9768-11f0-9125-4fcd4ccb4338,Griffin Webb
6a7d87d0-9768-11f0-9125-4fcd4ccb4338,Nevaeh Porter
6a7f3580-9768-11f0-9125-4fcd4ccb4338,Amador Park
6a806e00-9768-11f0-9125-4fcd4ccb4338,Brody Anderson
6a81f4a0-9768-11f0-9125-4fcd4ccb4338,Marcus Cruz
6a837b40-9768-11f0-9125-4fcd4ccb4338,Aimee Sylla
6a8501e0-9768-11f0-9125-4fcd4ccb4338,Isabella Sylla
6a86af90-9768-11f0-9125-4fcd4ccb4338,Ashley Mitchell
6a880f20-9768-11f0-9125-4fcd4ccb4338,Paige Murphy
6a97ca60-9717-11f0-b59d-f595dff457f0,Bernice Rogers
6a999f20-9717-11f0-b59d-f595dff457f0,Lydia Oh
6a9b4cd0-9717-11f0-b59d-f595dff457f0,Zara Shah
6a9d2190-9717-11f0-b59d-f595dff457f0,Trinity Barber
6a9ea830-9717-11f0-b59d-f595dff457f0,Bria Liu
6aa055e0-9717-11f0-b59d-f595dff457f0,Nico Ito
6aa18e60-9717-11f0-b59d-f595dff457f0,Everett Blair
6aa31500-9717-11f0-b59d-f595dff457f0,Leila Shah
6aa49ba0-9717-11f0-b59d-f595dff457f0,Delilah Scott
6aa67060-9717-11f0-b59d-f595dff457f0,Remington Barber
6b710610-9909-11f0-bb58-8dd3a7d497dc,Wayne Sharma
6b7328f0-9909-11f0-bb58-8dd3a7d497dc,Talia Johnson
6b74af90-9909-11f0-bb58-8dd3a7d497dc,Ronald Hunter
6b765d40-9909-11f0-bb58-8dd3a7d497dc,Amish Brooks
6b77bcd0-9909-11f0-bb58-8dd3a7d497dc,Becca Traore
6b794370-9909-11f0-bb58-8dd3a7d497dc,Briana Ryan
6b7c0290-9909-11f0-bb58-8dd3a7d497dc,Tucker Sylla
6b7db040-9909-11f0-bb58-8dd3a7d497dc,Charity Garza
6b7f5df0-9909-11f0-bb58-8dd3a7d497dc,Ambert Mills
6b832e80-9909-11f0-bb58-8dd3a7d497dc,Kylee Murray
6b894900-9909-11f0-bb58-8dd3a7d497dc,Anne Bryant
6b98b250-9909-11f0-bb58-8dd3a7d497dc,Alonso Thompson
6ba0efb0-9909-11f0-bb58-8dd3a7d497dc,Timothy Yang
6ba49930-9909-11f0-bb58-8dd3a7d497dc,Annabelle Barker
6c2edc70-9af9-11f0-8828-fb9c0dc11627,Kylie Yoon
6c30d840-9af9-11f0-8828-fb9c0dc11627,Nora Reed
6c32fb20-9af9-11f0-8828-fb9c0dc11627,Cadence Moreno
6c34a8d0-9af9-11f0-8828-fb9c0dc11627,Hunter Connolly
6c367d90-9af9-11f0-8828-fb9c0dc11627,Hunter Nwosu
6c385250-9af9-11f0-8828-fb9c0dc11627,Ambrose Davis
6c3c22e0-9af9-11f0-8828-fb9c0dc11627,Sawyer Christensen
6c3df7a0-9af9-11f0-8828-fb9c0dc11627,Mackenzie Hill
6c3fa550-9af9-11f0-8828-fb9c0dc11627,Amedeo Olson
6c412bf0-9af9-11f0-8828-fb9c0dc11627,Wade Watts
6c4300b0-9af9-11f0-8828-fb9c0dc11627,Christian Rice
6c452390-9af9-11f0-8828-fb9c0dc11627,Amsy Munoz
6c46aa30-9af9-11f0-8828-fb9c0dc11627,Theo Choi
6c4857e0-9af9-11f0-8828-fb9c0dc11627,Celia Jackson
6dfddcc0-3a7e-11f1-9f8d-b72960e0c9ec,Victoria Ellis
6f51b020-a324-11f0-8201-498180d94fec,Vivian Hayes
6f695c10-8c55-11f0-84bc-9d4f35a95b9f,Maya Mcgrath
71b4a5f0-9769-11f0-9260-c96e3dabd505,Maverick Evans
71b7da40-9769-11f0-9260-c96e3dabd505,Azure Long
71bb83c0-9769-11f0-9260-c96e3dabd505,Seth Anderson
71be42e0-9769-11f0-9260-c96e3dabd505,Luke Fox
71bfc980-9769-11f0-9260-c96e3dabd505,Zoe Gordon
71c15020-9769-11f0-9260-c96e3dabd505,Zane Grant
71c2fdd0-9769-11f0-9260-c96e3dabd505,Alwyn Wood
71c48470-9769-11f0-9260-c96e3dabd505,Samantha Chukwu
71c60b10-9769-11f0-9260-c96e3dabd505,Alonzo Persson
71c76aa0-9769-11f0-9260-c96e3dabd505,Elliot Sanders
71c8f140-9769-11f0-9260-c96e3dabd505,Kayla Green
71cbfe80-9769-11f0-9260-c96e3dabd505,Annalise Ford
71cd8520-9769-11f0-9260-c96e3dabd505,Ammon Christensen
721db2e0-9767-11f0-9260-c96e3dabd505,Rowan Gibson
721f6090-9767-11f0-9260-c96e3dabd505,Bernice Wells
72215c60-9767-11f0-9260-c96e3dabd505,Belle Wells
72233120-9767-11f0-9260-c96e3dabd505,Logan Chen
722490b0-9767-11f0-9260-c96e3dabd505,Vivian Kouyate
72266570-9767-11f0-9260-c96e3dabd505,Bentley Nguyen
7227c500-9767-11f0-9260-c96e3dabd505,Azalea Ryan
72294ba0-9767-11f0-9260-c96e3dabd505,Seth Mccarthy
722a8420-9767-11f0-9260-c96e3dabd505,Shelby Ito
722c0ac0-9767-11f0-9260-c96e3dabd505,Simon Coleman
722ddf80-9767-11f0-9260-c96e3dabd505,Annette Xu
722f6620-9767-11f0-9260-c96e3dabd505,Nolan Stevens
7367ab40-ba96-11f0-97f8-71d678a80483,Annabelle Magnusson
77312540-03a6-11f1-b084-b51815ae06c8,Zane Andersen
77336f30-03a6-11f1-b084-b51815ae06c8,Salvador Wagner
77889480-cfe7-11f0-a9ff-0766ffb9bc04,Alexander Jennings
78825bd0-adcf-11f0-b39f-cb39920dbc6a,Reid Jones
79f0e9f0-9768-11f0-9260-c96e3dabd505,Hannah Lim
79f2e5c0-9768-11f0-9260-c96e3dabd505,Veronica Chavez
79f508a0-9768-11f0-9260-c96e3dabd505,Weston Wallace
79f68f40-9768-11f0-9260-c96e3dabd505,Lauren Ruiz
79f815e0-9768-11f0-9260-c96e3dabd505,Silas Roberts
79f9eaa0-9768-11f0-9260-c96e3dabd505,Michael Robertson
79fbe670-9768-11f0-9260-c96e3dabd505,Ayesha Moore
79fd9420-9768-11f0-9260-c96e3dabd505,Angeline Gomez
79ff8ff0-9768-11f0-9260-c96e3dabd505,Maya Wagner
7a018bc0-9768-11f0-9260-c96e3dabd505,Allegra Barber
7a031260-9768-11f0-9260-c96e3dabd505,Kayla Simmons
7a075820-9768-11f0-9260-c96e3dabd505,Phoebe Coulibaly
7a0a3e50-9768-11f0-9260-c96e3dabd505,Angie Chukwu
7a0c1310-9768-11f0-9260-c96e3dabd505,Brynn Freeman
7a0d99b0-9768-11f0-9260-c96e3dabd505,Chase Alvarez
7a0fbc90-9768-11f0-9260-c96e3dabd505,Brenna Wagner
7a138d20-9768-11f0-9260-c96e3dabd505,Wade Murphy
7a153ad0-9768-11f0-9260-c96e3dabd505,Blanche Hill
7a47c730-ba80-11f0-a04d-499636da9ee9,Bryson Cole
7a4a5f40-ba80-11f0-a04d-499636da9ee9,Allie Lindqvist
7adc8870-aaae-11f0-a08d-c39c39871031,Angie Campbell
7d12ad40-a3a6-11f0-abef-b381bda2fe39,Allan Davis
7e2cfbc0-3773-11f1-a0cf-c7bfe7c26ddd,Stephanie Diallo
7e3796d0-b0ef-11f0-bbca-875146c910ca,Cooper Suzuki
82871370-9af9-11f0-8828-fb9c0dc11627,Aniya Castillo
8288c120-9af9-11f0-8828-fb9c0dc11627,Annabelle Hawkins
828ae400-9af9-11f0-8828-fb9c0dc11627,Piper Bryant
828cdfd0-9af9-11f0-8828-fb9c0dc11627,Amelie Gonzalez
828f29c0-9af9-11f0-8828-fb9c0dc11627,Alma Griffin
8290d770-9af9-11f0-8828-fb9c0dc11627,Grayson Inoue
82928520-9af9-11f0-8828-fb9c0dc11627,Simon Christensen
829432d0-9af9-11f0-8828-fb9c0dc11627,Camila Cox
82959260-9af9-11f0-8828-fb9c0dc11627,John Martin
82971900-9af9-11f0-8828-fb9c0dc11627,Abby Cho
8298c6b0-9af9-11f0-8828-fb9c0dc11627,Sofia Roberts
829b10a0-9af9-11f0-8828-fb9c0dc11627,Keegan Traore
829d0c70-9af9-11f0-8828-fb9c0dc11627,Serenity Holt
829f5660-9af9-11f0-8828-fb9c0dc11627,Amaya Peters
82a10410-9af9-11f0-8828-fb9c0dc11627,Celeste Harmon
831dae10-0c0b-11f1-896d-91f2a1ae0e00,Mackenzie Barber
839eaa30-9765-11f0-af13-9f1d1d273af5,Colton Jung
83a0a600-9765-11f0-af13-9f1d1d273af5,Ashley Snyder
83a22ca0-9765-11f0-af13-9f1d1d273af5,Penelope Peters
83a38c30-9765-11f0-af13-9f1d1d273af5,Ivan Byrne
83a58800-9765-11f0-af13-9f1d1d273af5,Beatrice Ellis
83a70ea0-9765-11f0-af13-9f1d1d273af5,Angel Phillips
83a86e30-9765-11f0-af13-9f1d1d273af5,Anita Bah
83a9cdc0-9765-11f0-af13-9f1d1d273af5,Zane Young
83aba280-9765-11f0-af13-9f1d1d273af5,Allison Henry
83ad0210-9765-11f0-af13-9f1d1d273af5,Lauren Peterson
83b00f50-9765-11f0-af13-9f1d1d273af5,Amber Campbell
83b1bd00-9765-11f0-af13-9f1d1d273af5,Natalia Hernandez
83b343a0-9765-11f0-af13-9f1d1d273af5,Lillian Schmidt
83b4f150-9765-11f0-af13-9f1d1d273af5,Nico Reed
83b677f0-9765-11f0-af13-9f1d1d273af5,Mariah Scott
83b84cb0-9765-11f0-af13-9f1d1d273af5,Megan Alexander
83b9d350-9765-11f0-af13-9f1d1d273af5,Riya Rice
83bb32e0-9765-11f0-af13-9f1d1d273af5,Athena Johnson
83be1910-9765-11f0-af13-9f1d1d273af5,Rex Wood
83c03bf0-9765-11f0-af13-9f1d1d273af5,Quinn Coulibaly
83c237c0-9765-11f0-af13-9f1d1d273af5,Shelby Morales
83c40c80-9765-11f0-af13-9f1d1d273af5,Willow Wilson
83c59320-9765-11f0-af13-9f1d1d273af5,Nevaeh Davis
83ea4740-9767-11f0-9260-c96e3dabd505,Zachary Stevens
83ec6a20-9767-11f0-9260-c96e3dabd505,Alina Rodriguez
83ee17d0-9767-11f0-9260-c96e3dabd505,Jocelyn Olson
83efc580-9767-11f0-9260-c96e3dabd505,Aubrey Reed
83f1c150-9767-11f0-9260-c96e3dabd505,Aspen Nwosu
83f73f90-9767-11f0-9260-c96e3dabd505,Mila Allen
83f9b090-9767-11f0-9260-c96e3dabd505,Amir Yamamoto
83fb3730-9767-11f0-9260-c96e3dabd505,Andrea Gupta
83fe9290-9767-11f0-9260-c96e3dabd505,Scarlett Watanabe
83fff220-9767-11f0-9260-c96e3dabd505,Caitlin Griffin
8401c6e0-9767-11f0-9260-c96e3dabd505,David Okafor
8404fb30-9767-11f0-9260-c96e3dabd505,Shawn Kobayashi
84071e10-9767-11f0-9260-c96e3dabd505,Luna Young
855287d0-fe07-11f0-8167-efcccdb89568,Blythe Hale
8589e140-8c55-11f0-909e-e96e7bfd753e,Augusta Edwards
871f8740-0c0b-11f1-9cec-2bea9b8b2175,Amita Byrne
876283c0-9af9-11f0-8014-eb28e5c14ce8,Bella Adams
87643170-9af9-11f0-8014-eb28e5c14ce8,Troy Watson
8765b810-9af9-11f0-8014-eb28e5c14ce8,Joshua Reed
876765c0-9af9-11f0-8014-eb28e5c14ce8,Reid Larsen
8768c550-9af9-11f0-8014-eb28e5c14ce8,Alison Wheeler
876a7300-9af9-11f0-8014-eb28e5c14ce8,Amso Gordon
876bd290-9af9-11f0-8014-eb28e5c14ce8,Amaya Kumar
876d5930-9af9-11f0-8014-eb28e5c14ce8,Alwin Phillips
876f06e0-9af9-11f0-8014-eb28e5c14ce8,Avery Sylla
8770b490-9af9-11f0-8014-eb28e5c14ce8,Hudson Fitzgerald
87721420-9af9-11f0-8014-eb28e5c14ce8,Amari Hayes
8773c1d0-9af9-11f0-8014-eb28e5c14ce8,Alphonse Nichols
87760bc0-9af9-11f0-8014-eb28e5c14ce8,Amaya Bates
87780790-9af9-11f0-8014-eb28e5c14ce8,Alton Carter
87798e30-9af9-11f0-8014-eb28e5c14ce8,Spencer Oconnor
878b8140-eb16-11f0-979e-73564f58ef8e,Spencer Wells
8a97ebd0-97f1-11f0-a742-eba69f87944d,Alec Gray
8ac343a0-9717-11f0-98f0-8fa136ce7dc9,Amiel Wright
8ac51860-9717-11f0-98f0-8fa136ce7dc9,Aaliyah Baker
8ac73b40-9717-11f0-98f0-8fa136ce7dc9,Elena Doyle
8ac8e8f0-9717-11f0-98f0-8fa136ce7dc9,Alice Hawkins
8acabdb0-9717-11f0-98f0-8fa136ce7dc9,Quinn Johansson
8acce090-9717-11f0-98f0-8fa136ce7dc9,Anthony Larsson
8acedc60-9717-11f0-98f0-8fa136ce7dc9,Alora Peterson
8ad08a10-9717-11f0-98f0-8fa136ce7dc9,Alonso Gardner
8ad237c0-9717-11f0-98f0-8fa136ce7dc9,Aubree Clark
8ad40c80-9717-11f0-98f0-8fa136ce7dc9,Vivian Black
8ad60850-9717-11f0-98f0-8fa136ce7dc9,Weston Parker
8ad7dd10-9717-11f0-98f0-8fa136ce7dc9,Candace Kim
8ad9b1d0-9717-11f0-98f0-8fa136ce7dc9,Mackenzie Zhou
8adb8690-9717-11f0-98f0-8fa136ce7dc9,Kai Edwards
8adda970-9717-11f0-98f0-8fa136ce7dc9,Ana Johansson
8b3ab080-9fbd-11f0-95af-292896dfc132,Anita Murphy
8df4bda0-17f1-11f1-a133-f35a47d51d82,Ricardo Olsson
8f16ad80-18a3-11f1-869a-6b727d4f7712,Peyton Nolan
8ffe6740-0ce3-11f1-aca5-73d63ffb9353,Daniel Webb
90911530-3773-11f1-a375-855a0d163d94,Julian Russell
93e9b7e0-9af8-11f0-ac1b-6b9d1a50b4d0,Trinity Robertson
940a30d0-8c55-11f0-b728-9ff98481cca7,Warren Daniels
9591f5e0-9764-11f0-af13-9f1d1d273af5,Lucas Russell
9593caa0-9764-11f0-af13-9f1d1d273af5,Rowan Persson
95957850-9764-11f0-af13-9f1d1d273af5,Ariel Scott
95985e80-9764-11f0-af13-9f1d1d273af5,Emmett Thomas
959a0c30-9764-11f0-af13-9f1d1d273af5,Aaliyah Chukwu
959e7900-9764-11f0-af13-9f1d1d273af5,Hudson Hansen
95a57de0-9764-11f0-af13-9f1d1d273af5,Alvis Suzuki
95a7a0c0-9764-11f0-af13-9f1d1d273af5,Wesley Reyes
95ad1f00-9764-11f0-af13-9f1d1d273af5,Aniyah Black
95b164c0-9764-11f0-af13-9f1d1d273af5,Alison Gustafsson
95b33980-9764-11f0-af13-9f1d1d273af5,Charles Clark
95b4e730-9764-11f0-af13-9f1d1d273af5,Madeline Reyes
95b70a10-9764-11f0-af13-9f1d1d273af5,Hannah Adams
95b95400-9764-11f0-af13-9f1d1d273af5,Tiffany Walsh
95ba8c80-9764-11f0-af13-9f1d1d273af5,Audra Park
95bbec10-9764-11f0-af13-9f1d1d273af5,Azalea Barber
95be5d10-9764-11f0-af13-9f1d1d273af5,Trinity Alexander
95c031d0-9764-11f0-af13-9f1d1d273af5,Amos Murphy
95c20690-9764-11f0-af13-9f1d1d273af5,Amaya Fitzgerald
95c47790-9764-11f0-af13-9f1d1d273af5,Abigail Crawford
95c784d0-9764-11f0-af13-9f1d1d273af5,Brielle Nwosu
95c9cec0-9764-11f0-af13-9f1d1d273af5,Agnes White
982303f0-ae00-11f0-bd9d-31c295d75317,Jasper Jennings
98b001f0-9768-11f0-af13-9f1d1d273af5,Natalie Brown
98b224d0-9768-11f0-af13-9f1d1d273af5,Hayden Hicks
98b3d280-9768-11f0-af13-9f1d1d273af5,Morgan Ward
98b5a740-9768-11f0-af13-9f1d1d273af5,Oscar Mason
98b7a310-9768-11f0-af13-9f1d1d273af5,Alma Morgan
98ba1410-9768-11f0-af13-9f1d1d273af5,Mason Lim
98bc0fe0-9768-11f0-af13-9f1d1d273af5,Alwin Morales
9bb4d060-075c-11f1-bd15-2facd41053b4,Autumn Munoz
9c1047c0-9235-11f0-a3a4-6953e897986f,Amsu Chavez
9c2667d0-9235-11f0-a3a4-6953e897986f,Bronwyn Eriksson
9c3d2420-9235-11f0-9b14-c17700128572,William Torres
9c567880-9235-11f0-a3a4-6953e897986f,Allie Perez
9c6f57b0-9235-11f0-a3a4-6953e897986f,Amabel Martinez
9c841830-9235-11f0-9b14-c17700128572,Belle Flores
9c99ea20-9235-11f0-9b14-c17700128572,Spencer Andersen
9cafbc10-9235-11f0-9c32-a11790cb7852,Ayanna Olsson
9cd1ea10-9235-11f0-a3a4-6953e897986f,Arya Strickland
9cedfd90-9235-11f0-a3a4-6953e897986f,Xena Murphy
9d01d3b0-9235-11f0-9c32-a11790cb7852,Arya Hernandez
9dbe85a0-9767-11f0-af13-9f1d1d273af5,Alison Sanders
9dc03350-9767-11f0-af13-9f1d1d273af5,Bernadette Pierce
9dc1e100-9767-11f0-af13-9f1d1d273af5,Aurora Brennan
9dc34090-9767-11f0-af13-9f1d1d273af5,Austin Marshall
9dc4ee40-9767-11f0-af13-9f1d1d273af5,Amabel Hale
9dc674e0-9767-11f0-af13-9f1d1d273af5,Carolina Green
9dc78650-9767-11f0-af13-9f1d1d273af5,Allen Robertson
9dc93400-9767-11f0-af13-9f1d1d273af5,Warren Griffin
9dcb08c0-9767-11f0-af13-9f1d1d273af5,Tyler Foster
9df0aea0-9766-11f0-9125-4fcd4ccb4338,Skylar Mehta
9df28360-9766-11f0-9125-4fcd4ccb4338,Mila Chukwu
9e019e90-9766-11f0-9125-4fcd4ccb4338,Amora Fisher
9e07b910-9766-11f0-9125-4fcd4ccb4338,Amy Daniels
9e10e0d0-9766-11f0-9125-4fcd4ccb4338,Athena Ellis
9e12b590-9766-11f0-9125-4fcd4ccb4338,Landon Wood
9fbf35f0-b366-11f0-9128-9fdb77cc206c,Otto Coleman
a05acd20-9b11-11f0-8f47-ffdc29b3b492,Hailey Gray
a242a4a0-b989-11f0-9cd8-07256fcab1b8,Claire Powell
a2464e20-b989-11f0-9cd8-07256fcab1b8,Amiya Inoue
a3aa5c50-a31f-11f0-aaa3-e5c32d7d0e85,Belinda Persson
a3ac7f30-a31f-11f0-aaa3-e5c32d7d0e85,Alicia Stone
a53fdc60-8c55-11f0-909e-e96e7bfd753e,Jasmine Connolly
a5473740-d1e1-11f0-8134-01c46cf5f57f,Lincoln Zhang
a5493310-d1e1-11f0-8134-01c46cf5f57f,Azalea Dixon
a5aaf290-a625-11f0-81c5-d30fb3f39f86,Reid Lewis
a5ae7500-a625-11f0-81c5-d30fb3f39f86,Weston Sharma
a9710110-9718-11f0-8f8a-e1615c0bcef0,Bella Robertson
a972d5d0-9718-11f0-8f8a-e1615c0bcef0,Bernice Watanabe
a9745c70-9718-11f0-8f8a-e1615c0bcef0,Lily Robinson
a9765840-9718-11f0-8f8a-e1615c0bcef0,Aniya Jimenez
a977b7d0-9718-11f0-8f8a-e1615c0bcef0,Skylar Campbell
a9798c90-9718-11f0-8f8a-e1615c0bcef0,Candace Blair
a97b3a40-9718-11f0-8f8a-e1615c0bcef0,Bethany Pedersen
a97d0f00-9718-11f0-8f8a-e1615c0bcef0,Jackson Tanaka
a97e6e90-9718-11f0-8f8a-e1615c0bcef0,Kinsley Mills
a97ff530-9718-11f0-8f8a-e1615c0bcef0,Amir Han
a9817bd0-9718-11f0-8f8a-e1615c0bcef0,Jasmine Young
a9832980-9718-11f0-8f8a-e1615c0bcef0,Amara Turner
a9848910-9718-11f0-8f8a-e1615c0bcef0,Alyson Baker
a9fb9710-9af8-11f0-bfdc-8f271510d0a8,Caitlyn Ross
aa437bd0-a317-11f0-abed-a3ce58effcaf,Michael McDonald
aa529700-a317-11f0-abed-a3ce58effcaf,Amador Gallagher
aa5bbec0-a317-11f0-abed-a3ce58effcaf,Carolina Adeyemi
aa6b0100-a317-11f0-abed-a3ce58effcaf,Blake Arnold
aa6f94e0-a317-11f0-abed-a3ce58effcaf,Aldo Simpson
aa71b7c0-a317-11f0-abed-a3ce58effcaf,Antoinette Christensen
aafa0f90-b5b8-11f0-933d-437d04e5c0e2,Wade Clark
ab573ee0-9768-11f0-af13-9f1d1d273af5,Ulysses King
ab5961c0-9768-11f0-af13-9f1d1d273af5,Alora Carter
ab5b0f70-9768-11f0-af13-9f1d1d273af5,Annika Crawford
ab5c20e0-9768-11f0-af13-9f1d1d273af5,Skyler Brooks
ab5da780-9768-11f0-af13-9f1d1d273af5,Tyler Adams
ab5ee000-9768-11f0-af13-9f1d1d273af5,Bryson Daniels
ab608db0-9768-11f0-af13-9f1d1d273af5,Aileen Caldwell
ab61ed40-9768-11f0-af13-9f1d1d273af5,Autumn Baker
ab6325c0-9768-11f0-af13-9f1d1d273af5,Aileen Eriksson
ac981bf0-a3a0-11f0-a35c-3982c9f11a6c,Alf Rice
ad2055a0-a31a-11f0-aac7-0197ddf6c72a,Cora Nwosu
ad21dc40-a31a-11f0-aac7-0197ddf6c72a,Elena Cannon
ad2389f0-a31a-11f0-aac7-0197ddf6c72a,Amnon Pierce
ad6e5ce0-164d-11f1-bfd9-55f45356356f,Harper Pierce
b2ccb5d0-fe04-11f0-8cab-a9d2ab945bc3,Agatha Russell
b41bc610-fbca-11f0-80ae-b79e4dbbdb7f,Nina Herrera
b41dc1e0-fbca-11f0-80ae-b79e4dbbdb7f,Brie Barnes
b4686180-a30c-11f0-ac6d-87567960dac0,Peyton Ward
b46ad280-a30c-11f0-ac6d-87567960dac0,Mackenzie Flores
b46c8030-a30c-11f0-ac6d-87567960dac0,Salvador Evans
b46e2de0-a30c-11f0-ac6d-87567960dac0,Candace Coulibaly
b47050c0-a30c-11f0-ac6d-87567960dac0,Catalina Martin
b471b050-a30c-11f0-ac6d-87567960dac0,Victor Gomez
b4735e00-a30c-11f0-ac6d-87567960dac0,Alf Gray
b474e4a0-a30c-11f0-ac6d-87567960dac0,Camden Russell
b4769250-a30c-11f0-ac6d-87567960dac0,Damian Gallagher
b477f1e0-a30c-11f0-ac6d-87567960dac0,David Burke
b47b4d40-a30c-11f0-ac6d-87567960dac0,Angeline Stevens
b47cacd0-a30c-11f0-ac6d-87567960dac0,Azure Crawford
b47ecfb0-a30c-11f0-ac6d-87567960dac0,Belinda Bryant
b4805650-a30c-11f0-ac6d-87567960dac0,Amsy Murray
b5aa1450-d514-11f0-86ae-6bb42b8b1134,Agatha Zhang
b5ac5e40-d514-11f0-86ae-6bb42b8b1134,Makayla Spencer
b5ae0bf0-d514-11f0-86ae-6bb42b8b1134,Ayesha Sato
b6b9a870-bc0e-11f0-90b1-110b03fff380,Roland Wheeler
b804f8b0-9765-11f0-a613-d10235150e31,Cadence Eze
b806cd70-9765-11f0-a613-d10235150e31,Alvin Hughes
b8085410-9765-11f0-a613-d10235150e31,Gavin Ward
b809dab0-9765-11f0-a613-d10235150e31,Shelby Clark
b80b8860-9765-11f0-a613-d10235150e31,Brenda Hawkins
b80ebcb0-9765-11f0-a613-d10235150e31,Landon Nair
b8109170-9765-11f0-a613-d10235150e31,Parker Crawford
b811f100-9765-11f0-a613-d10235150e31,Aaron Hughes
b8139eb0-9765-11f0-a613-d10235150e31,Trinity Tanaka
b814fe40-9765-11f0-a613-d10235150e31,Amour Watson
b81684e0-9765-11f0-a613-d10235150e31,Amado Campbell
b8183290-9765-11f0-a613-d10235150e31,Jayden Tanaka
b82048e0-9765-11f0-a613-d10235150e31,Amy Wilson
b8235620-9765-11f0-a613-d10235150e31,Alston Ramirez
b824dcc0-9765-11f0-a613-d10235150e31,Allen Singh
b8263c50-9765-11f0-a613-d10235150e31,Aldric Ellis
b8279be0-9765-11f0-a613-d10235150e31,Annika Adams
b8294990-9765-11f0-a613-d10235150e31,Alec West
b82aa920-9765-11f0-a613-d10235150e31,Wyatt Boyd
b82c7de0-9765-11f0-a613-d10235150e31,Colton Patel
b82e0480-9765-11f0-a613-d10235150e31,Asher Ward
b82f8b20-9765-11f0-a613-d10235150e31,Eleanor Jimenez
b83111c0-9765-11f0-a613-d10235150e31,Amery Cox
b832bf70-9765-11f0-a613-d10235150e31,Amedeo Yamamoto
b88190d0-9767-11f0-af13-9f1d1d273af5,Aiden Green
b882c950-9767-11f0-af13-9f1d1d273af5,Evelyn Alvarez
b908cd60-9713-11f0-919d-1d0f75a99e69,Hudson Brooks
b90b8c80-9713-11f0-919d-1d0f75a99e69,Abigail Porter
b90daf60-9713-11f0-919d-1d0f75a99e69,Kyler Hicks
b90fd240-9713-11f0-919d-1d0f75a99e69,Brody Harris
b911a700-9713-11f0-919d-1d0f75a99e69,Luca Harmon
b9132da0-9713-11f0-919d-1d0f75a99e69,Ambrosia Allen
b915c5b0-9713-11f0-919d-1d0f75a99e69,Abigail Oh
b918d2f0-9713-11f0-919d-1d0f75a99e69,Amtul Rodriguez
b91aa7b0-9713-11f0-919d-1d0f75a99e69,Amram Andersen
b91c5560-9713-11f0-919d-1d0f75a99e69,Maxwell Richardson
b969e460-2395-11f1-958a-11283dac613e,Zara Nolan
ba1aa280-9af8-11f0-bad4-bb020df4e814,Noah Stephens
bb71c860-9766-11f0-9260-c96e3dabd505,Mateo Magnusson
bb741250-9766-11f0-9260-c96e3dabd505,Alva Gutierrez
bb760e20-9766-11f0-9260-c96e3dabd505,Jeremiah Okonkwo
bb78a630-9766-11f0-9260-c96e3dabd505,Adrian Wright
bb7a05c0-9766-11f0-9260-c96e3dabd505,Cassandra Bah
bb7b6550-9766-11f0-9260-c96e3dabd505,Candace Sharma
bb7cebf0-9766-11f0-9260-c96e3dabd505,Benjamin Chambers
bb7f5cf0-9766-11f0-9260-c96e3dabd505,Amelia Thompson
bb81cdf0-9766-11f0-9260-c96e3dabd505,Antoinette Grant
bb83a2b0-9766-11f0-9260-c96e3dabd505,Sloane Rodriguez
bb857770-9766-11f0-9260-c96e3dabd505,Yusuf Wright
bb874c30-9766-11f0-9260-c96e3dabd505,Amaya Ford
bb88d2d0-9766-11f0-9260-c96e3dabd505,Jaxon Pedersen
bb8aa790-9766-11f0-9260-c96e3dabd505,Tucker Kelly
bc0e7f00-a316-11f0-b13f-63ea97c2155a,Joseph Stephens
be08d8e0-9764-11f0-9125-4fcd4ccb4338,Cheyenne Nichols
be0a5f80-9764-11f0-9125-4fcd4ccb4338,Kayla Inoue
be0dbae0-9764-11f0-9125-4fcd4ccb4338,Blythe Ortiz
be0fb6b0-9764-11f0-9125-4fcd4ccb4338,Serenity Allen
be113d50-9764-11f0-9125-4fcd4ccb4338,Ambrosia Jackson
be12c3f0-9764-11f0-9125-4fcd4ccb4338,Ruben Patterson
be1471a0-9764-11f0-9125-4fcd4ccb4338,David Simmons
be15d130-9764-11f0-9125-4fcd4ccb4338,Jackson Stone
be177ee0-9764-11f0-9125-4fcd4ccb4338,Aileen Joshi
be1953a0-9764-11f0-9125-4fcd4ccb4338,Allison Bah
be1cd610-9764-11f0-9125-4fcd4ccb4338,Amias Kennedy
be1e5cb0-9764-11f0-9125-4fcd4ccb4338,Nora Butler
be1fe350-9764-11f0-9125-4fcd4ccb4338,Vanessa Payne
be2169f0-9764-11f0-9125-4fcd4ccb4338,Ryan Moreno
be2317a0-9764-11f0-9125-4fcd4ccb4338,Trinity Cooper
be249e40-9764-11f0-9125-4fcd4ccb4338,Anita Brennan
be2624e0-9764-11f0-9125-4fcd4ccb4338,Almond Connolly
be278470-9764-11f0-9125-4fcd4ccb4338,Annika Nichols
be293220-9764-11f0-9125-4fcd4ccb4338,Kennedy Lim
be2a91b0-9764-11f0-9125-4fcd4ccb4338,Ammon Spencer
be2bf140-9764-11f0-9125-4fcd4ccb4338,Carina Webb
bed93570-2fb8-11f1-a1df-758143d34ea0,Ezra Mccarthy
bff609a0-9a27-11f0-932e-354e1ebbea5b,Caleb Fitzgerald
bff98c10-9a27-11f0-932e-354e1ebbea5b,Elliot Kouyate
bffe1ff0-9a27-11f0-932e-354e1ebbea5b,Ruben Mills
c0017b50-9a27-11f0-932e-354e1ebbea5b,Landon Green
c03d2f90-9718-11f0-b59d-f595dff457f0,Alma Wagner
c03f7980-9718-11f0-b59d-f595dff457f0,Adeline Nakamura
c0414e40-9718-11f0-b59d-f595dff457f0,Augusta Long
c042add0-9718-11f0-b59d-f595dff457f0,Azure Daniels
c0448290-9718-11f0-b59d-f595dff457f0,Becca Perez
c0460930-9718-11f0-b59d-f595dff457f0,Will Mcgrath
c0478fd0-9718-11f0-b59d-f595dff457f0,Reid Robinson
c0491670-9718-11f0-b59d-f595dff457f0,Audrey Swanson
c04a9d10-9718-11f0-b59d-f595dff457f0,Angela Gupta
c0cba160-bc0e-11f0-b074-f378ea3a0c14,Brantley Thomas
c38d2d10-9909-11f0-bd46-493a1ae700ee,Rowan Gallagher
c3925d30-9909-11f0-bd46-493a1ae700ee,Riley Reed
c396f110-9909-11f0-bd46-493a1ae700ee,Andrew Ellis
c3996210-9909-11f0-bd46-493a1ae700ee,Anika Pierce
c39ae8b0-9909-11f0-bd46-493a1ae700ee,Anne Gustafsson
c39cbd70-9909-11f0-bd46-493a1ae700ee,Penelope Gray
c3a15150-9909-11f0-bd46-493a1ae700ee,Amani Peters
c3a82f20-9909-11f0-bd46-493a1ae700ee,Alec Byrne
c3aa03e0-9909-11f0-bd46-493a1ae700ee,Skylar Olsson
c3afd040-9909-11f0-bd46-493a1ae700ee,Silas Chukwu
c6fcb040-9767-11f0-af13-9f1d1d273af5,Anika Watts
c6fe5df0-9767-11f0-af13-9f1d1d273af5,Sterling Vasquez
c6ffbd80-9767-11f0-af13-9f1d1d273af5,Shannon Murphy
c7011d10-9767-11f0-af13-9f1d1d273af5,Daniel Gutierrez
c7042a50-9767-11f0-af13-9f1d1d273af5,Brittney Pillai
c705d800-9767-11f0-af13-9f1d1d273af5,Antoinette Larsson
c70b0820-9767-11f0-af13-9f1d1d273af5,Easton Castillo
c7142fe0-9767-11f0-af13-9f1d1d273af5,Rafael Nakamura
c7173d20-9767-11f0-af13-9f1d1d273af5,Nina Jimenez
c71a4a60-9767-11f0-af13-9f1d1d273af5,Amita Simmons
c71c4630-9767-11f0-af13-9f1d1d273af5,Xavier Howard
c71d7eb0-9767-11f0-af13-9f1d1d273af5,Bella Watanabe
c71f2c60-9767-11f0-af13-9f1d1d273af5,Faith Byrne
c720da10-9767-11f0-af13-9f1d1d273af5,Thomas Boyd
c722aed0-9767-11f0-af13-9f1d1d273af5,Amelie King
c7245c80-9767-11f0-af13-9f1d1d273af5,Chanel Mason
c7263140-9767-11f0-af13-9f1d1d273af5,Shane Reyes
c8c39bf0-9717-11f0-8f8a-e1615c0bcef0,Jocelyn Pierce
c8c7baa0-9717-11f0-8f8a-e1615c0bcef0,Amnon West
c8c9b670-9717-11f0-8f8a-e1615c0bcef0,Brody Simmons
c8cb1600-9717-11f0-8f8a-e1615c0bcef0,Ryder Stevens
c8cd11d0-9717-11f0-8f8a-e1615c0bcef0,Amiya Wilson
c8d1f3d0-9717-11f0-8f8a-e1615c0bcef0,Adrian Barry
c8d37a70-9717-11f0-8f8a-e1615c0bcef0,Aniya Wang
c8d54f30-9717-11f0-8f8a-e1615c0bcef0,Autumn Hall
c8d6aec0-9717-11f0-8f8a-e1615c0bcef0,Joshua Robertson
c8d85c70-9717-11f0-8f8a-e1615c0bcef0,Allison Wu
c8da0a20-9717-11f0-8f8a-e1615c0bcef0,Cassandra Burke
c8dc05f0-9717-11f0-8f8a-e1615c0bcef0,Ashton Andersen
c8de28d0-9717-11f0-8f8a-e1615c0bcef0,Bella Reed
c8dfaf70-9717-11f0-8f8a-e1615c0bcef0,Theo Nguyen
c8e36710-165a-11f1-8cfc-cf5b158ea83a,Amani Chen
c9f786f0-b114-11f0-b0e2-bdf6e5e94e0d,Amro Ryan
ca9a9760-01ea-11f1-ae55-41dcda9387f4,Madelyn Sylla
cb2fa6b0-9af8-11f0-ac1b-6b9d1a50b4d0,Enzo Bell
cbd61c30-02bc-11f1-bd38-4fe31cdd4e0c,Alycia Singh
cc9b6890-1442-11f1-a2d5-9db3fcfac58c,Natalie Cooper
cc9ec3f0-1442-11f1-a2d5-9db3fcfac58c,Cara Gray
d0512880-980a-11f0-9ffc-35c40bb0eab8,Abby Myers
d365bb20-1443-11f1-abc5-ef3a50897001,Caden Warren
d51b3e40-d514-11f0-bfe6-77692d95e4fd,Paige Fernandez
d53bbf00-b4dd-11f0-8738-f984e4d39310,Carina Crawford
d78a96b0-f307-11f0-ac84-bb2aa4ccfe10,Caleb Ruiz
d8283de0-3450-11f1-bcc2-ada10a25f678,Freddie Sylla
d9cd9060-9af8-11f0-8828-fb9c0dc11627,Reid Reed
da9b9130-c65a-11f0-901a-c5008f34b432,Zuri Nwachukwu
dca83f50-bff2-11f0-82ae-ad14c0d690ae,Elena Singh
dcdee470-0c09-11f1-b794-4b2607100d5f,Brooke Pedersen
dd09ad70-9767-11f0-9260-c96e3dabd505,Lydia Sanders
dd0b8230-9767-11f0-9260-c96e3dabd505,Vincent Nilsson
dd0d56f0-9767-11f0-9260-c96e3dabd505,Jackson Anderson
dd0f04a0-9767-11f0-9260-c96e3dabd505,Connor White
dd103d20-9767-11f0-9260-c96e3dabd505,Summer Graham
dd119cb0-9767-11f0-9260-c96e3dabd505,Alva Thomas
dd132350-9767-11f0-9260-c96e3dabd505,Ammon Kouyate
dd14f810-9767-11f0-9260-c96e3dabd505,Xena Hicks
de15fb70-9a27-11f0-b3b9-91160e06c830,Bria Owens
e004fa50-9b10-11f0-8d07-0fe6f6f38811,Ashanti Hunter
e0076b50-9b10-11f0-8d07-0fe6f6f38811,Amaya Nguyen
e0096720-9b10-11f0-8d07-0fe6f6f38811,Anthony Reyes
e045fa70-a3a1-11f0-8ae4-cfbd42bedd90,Ayasha Barber
e08f0280-01f5-11f1-84cd-077a52196263,Briana Inoue
e1b31510-9716-11f0-b59d-f595dff457f0,Griffin Herrera
e1b510e0-9716-11f0-b59d-f595dff457f0,Sawyer Holmes
e1b6be90-9716-11f0-b59d-f595dff457f0,Todd Ryan
e1b86c40-9716-11f0-b59d-f595dff457f0,Allyn Bell
e1ba19f0-9716-11f0-b59d-f595dff457f0,Ann Joshi
e1bbc7a0-9716-11f0-b59d-f595dff457f0,Austin Boyd
e1bd4e40-9716-11f0-b59d-f595dff457f0,Maxwell Chen
e1befbf0-9716-11f0-b59d-f595dff457f0,Xavier Webb
e1c0f7c0-9716-11f0-b59d-f595dff457f0,Amani McDonald
e1c25750-9716-11f0-b59d-f595dff457f0,Bryson Roberts
e1c3b6e0-9716-11f0-b59d-f595dff457f0,Lillian Mason
e1c67600-9716-11f0-b59d-f595dff457f0,Annette Harmon
e1c823b0-9716-11f0-b59d-f595dff457f0,Serena Cruz
e48b11c0-9fbd-11f0-8b0b-2dd837a47335,Alma Nielsen
e55b8610-a2bb-11f0-ad3b-cb1adfe523ff,Spencer Butler
e566d0b0-a2bb-11f0-ad3b-cb1adfe523ff,Brantley Oh
e56ceb30-a2bb-11f0-ad3b-cb1adfe523ff,Amram Wang
e75bec50-26c5-11f1-aa4f-5d3895872bd9,Brittany Palmer
e9583370-9768-11f0-9125-4fcd4ccb4338,Ammon Lopez
e95a0830-9768-11f0-9125-4fcd4ccb4338,Maya Fleming
e95bb5e0-9768-11f0-9125-4fcd4ccb4338,Callie Kobayashi
e95d3c80-9768-11f0-9125-4fcd4ccb4338,Mateo Alexander
e95ec320-9768-11f0-9125-4fcd4ccb4338,Will Harris
e96070d0-9768-11f0-9125-4fcd4ccb4338,Lillian Simpson
e961f770-9768-11f0-9125-4fcd4ccb4338,Amiyah Zhang
e964dda0-9768-11f0-9125-4fcd4ccb4338,Vanessa Diallo
e9668b50-9768-11f0-9125-4fcd4ccb4338,Ethan Edwards
e967eae0-9768-11f0-9125-4fcd4ccb4338,Alwyn Kelly
e969e6b0-9768-11f0-9125-4fcd4ccb4338,Stephanie Tran
e96b6d50-9768-11f0-9125-4fcd4ccb4338,Arlene Tran
e96ccce0-9768-11f0-9125-4fcd4ccb4338,John Hale
e96ec8b0-9768-11f0-9125-4fcd4ccb4338,Addison Pettersson
e99c8000-9af8-11f0-93a4-67e5a9016f09,Maria Pierce
eb880f90-9717-11f0-b59d-f595dff457f0,Whitney Nguyen
eb8a5980-9717-11f0-b59d-f595dff457f0,Annika Kumar
eb8c2e40-9717-11f0-b59d-f595dff457f0,Amara Toure
eb8e0300-9717-11f0-b59d-f595dff457f0,Richard Rogers
eb8ffed0-9717-11f0-b59d-f595dff457f0,Madelyn Roberts
eb9248c0-9717-11f0-b59d-f595dff457f0,Alister Grant
eb944490-9717-11f0-b59d-f595dff457f0,Warren Lindqvist
eb972ac0-9717-11f0-b59d-f595dff457f0,Angie Richardson
eced4fb0-a2ae-11f0-9bda-117adf830cc1,Garrett Shah
ed9c2e10-075b-11f1-9a50-9d6f7076e7dc,Arielle Han
ef8bd630-9767-11f0-9125-4fcd4ccb4338,Matthew White
ef8d83e0-9767-11f0-9125-4fcd4ccb4338,Eleanor Ward
ef8f0a80-9767-11f0-9125-4fcd4ccb4338,Tyler Yang
ef909120-9767-11f0-9125-4fcd4ccb4338,Carina Ito
ef923ed0-9767-11f0-9125-4fcd4ccb4338,Ivy Joshi
ef939e60-9767-11f0-9125-4fcd4ccb4338,Micah Rose
ef952500-9767-11f0-9125-4fcd4ccb4338,Todd Price
ef98f590-9767-11f0-9125-4fcd4ccb4338,Alijah Romero
ef9aca50-9767-11f0-9125-4fcd4ccb4338,Victor Sharma
ef9cc620-9767-11f0-9125-4fcd4ccb4338,Amon Obi
efa68a20-9767-11f0-9125-4fcd4ccb4338,Amish Nilsson
efb13880-9767-11f0-9125-4fcd4ccb4338,Seth Huang
efb55730-9767-11f0-9125-4fcd4ccb4338,Amelia Spencer
efb927c0-9767-11f0-9125-4fcd4ccb4338,Alva Stewart
efba8750-9767-11f0-9125-4fcd4ccb4338,Alva Christensen
f13aed50-9edc-11f0-aad8-ad972e972c6b,Agnes Wilson
f3ae7fd0-1645-11f1-a3b8-8313b431c278,Amiel Olson
f40b9360-a317-11f0-b13f-63ea97c2155a,Rachel Clark
f40e0460-a317-11f0-b13f-63ea97c2155a,Bonnie Sanders
f45a2930-01f9-11f1-84cd-077a52196263,Carolina Munoz
f45c7320-01f9-11f1-84cd-077a52196263,Athena Marshall
f4c00e20-9715-11f0-96e6-7b227a5b08f2,Chloe Olsson
f4c1e2e0-9715-11f0-96e6-7b227a5b08f2,Willow Butler
f4c34270-9715-11f0-96e6-7b227a5b08f2,Evelyn Connolly
f4c47af0-9715-11f0-96e6-7b227a5b08f2,Sterling Harmon
f4c5da80-9715-11f0-96e6-7b227a5b08f2,Kylie Lawson
f4c78830-9715-11f0-96e6-7b227a5b08f2,Griffin Burke
f4c935e0-9715-11f0-96e6-7b227a5b08f2,Brynn Liu
f4ca6e60-9715-11f0-96e6-7b227a5b08f2,Isaac Ward
f4cba6e0-9715-11f0-96e6-7b227a5b08f2,Carina Hamilton
f4cd7ba0-9715-11f0-96e6-7b227a5b08f2,Alison Zhao
f4cf7770-9715-11f0-96e6-7b227a5b08f2,Cassandra Hansen
f4d17340-9715-11f0-96e6-7b227a5b08f2,Sterling Ross
f4d2f9e0-9715-11f0-96e6-7b227a5b08f2,Belle Obi
f4d48080-9715-11f0-96e6-7b227a5b08f2,Alycia Kouyate
f4d62e30-9715-11f0-96e6-7b227a5b08f2,William Olson
f4d85110-9715-11f0-96e6-7b227a5b08f2,Briana Barnes
f4d9b0a0-9715-11f0-96e6-7b227a5b08f2,Sara Vasquez
f63a9ef0-1442-11f1-ad80-1b1ca25d73d3,Sean Cole
f7919a40-ed70-11f0-ab6b-2ff6392a2b41,Scott Porter
f7ca3280-9765-11f0-a636-33758974d957,Megan Jung
f7cc2e50-9765-11f0-a636-33758974d957,Theo Wu
f7cdb4f0-9765-11f0-a636-33758974d957,Amy Eriksson
f7ceed70-9765-11f0-a636-33758974d957,Reginald Porter
f7d07410-9765-11f0-a636-33758974d957,Brody Olsson
f7d2e510-9765-11f0-a636-33758974d957,Charity Munoz
f7d5cb40-9765-11f0-a636-33758974d957,Allan Ryan
f7d778f0-9765-11f0-a636-33758974d957,Asher Mason
f7d8ff90-9765-11f0-a636-33758974d957,Samuel Porter
f7dad450-9765-11f0-a636-33758974d957,Caleb Fernandez
f7dc33e0-9765-11f0-a636-33758974d957,Azalea Alvarez
f7dde190-9765-11f0-a636-33758974d957,Blythe Gonzales
f7df1a10-9765-11f0-a636-33758974d957,Giovanni Traore
f8dc00e0-9af8-11f0-bad4-bb020df4e814,Tessa Larsson
f8f703a0-bc0d-11f0-b6ff-e1053ebbc28c,Tiffany Ward
fac31640-b98a-11f0-9f0a-db80bd6fa4f8,Scarlett Murray
fac56030-b98a-11f0-9f0a-db80bd6fa4f8,Nash Sanchez
fbf0ae80-9714-11f0-8f8a-e1615c0bcef0,Amso Cole
fbf73e30-9714-11f0-8f8a-e1615c0bcef0,Riya Clark
fbf93a00-9714-11f0-8f8a-e1615c0bcef0,Hunter Lawson
fbfae7b0-9714-11f0-8f8a-e1615c0bcef0,Althea Liu
fbfc4740-9714-11f0-8f8a-e1615c0bcef0,Hunter Ward
fbfdcde0-9714-11f0-8f8a-e1615c0bcef0,Aiden Toure
fc045d90-9714-11f0-8f8a-e1615c0bcef0,Bentley Malone
fc060b40-9714-11f0-8f8a-e1615c0bcef0,Amir Zhao
fc082e20-9714-11f0-8f8a-e1615c0bcef0,Gavin Porter
fc09dbd0-9714-11f0-8f8a-e1615c0bcef0,Trevor Jimenez
fc0bfeb0-9714-11f0-8f8a-e1615c0bcef0,Gabriel Rivera
fc0d8550-9714-11f0-8f8a-e1615c0bcef0,Rhiannon Nwachukwu
fc0f8120-9714-11f0-8f8a-e1615c0bcef0,Lily Morales
fc8dc330-ceca-11f0-80ce-d978741dfd37,Alvan Powell
fc911e90-ceca-11f0-80ce-d978741dfd37,Nora Watts
fd05bd70-9713-11f0-98f0-8fa136ce7dc9,Amjad Gutierrez
fd085580-9713-11f0-98f0-8fa136ce7dc9,Xena Martin
fd0a9f70-9713-11f0-98f0-8fa136ce7dc9,Logan Hunter
fd0ce960-9713-11f0-98f0-8fa136ce7dc9,Nolan Patel
fdb1b110-9764-11f0-af13-9f1d1d273af5,Valeria Suzuki
fdb337b0-9764-11f0-af13-9f1d1d273af5,Charity Okonkwo
fdb4be50-9764-11f0-af13-9f1d1d273af5,Amiya Kelly
fdb644f0-9764-11f0-af13-9f1d1d273af5,Caitlyn Wang
fdb7f2a0-9764-11f0-af13-9f1d1d273af5,Trinity Barnes
fdb95230-9764-11f0-af13-9f1d1d273af5,Elizabeth Moreno
fdbb26f0-9764-11f0-af13-9f1d1d273af5,Camden Kobayashi
fdbd49d0-9764-11f0-af13-9f1d1d273af5,Patrick Gutierrez
fdbef780-9764-11f0-af13-9f1d1d273af5,Isabella Ferguson
fdc07e20-9764-11f0-af13-9f1d1d273af5,Salvador Gustafsson
fdc204c0-9764-11f0-af13-9f1d1d273af5,Lindsay Morales
fdc38b60-9764-11f0-af13-9f1d1d273af5,Ashanti Oconnor
fdc4eaf0-9764-11f0-af13-9f1d1d273af5,Amram Rose
fdc698a0-9764-11f0-af13-9f1d1d273af5,Adrian Hale
fdc7d120-9764-11f0-af13-9f1d1d273af5,Naomi Jenkins
fdc97ed0-9764-11f0-af13-9f1d1d273af5,Micah Zhao
fdcb0570-9764-11f0-af13-9f1d1d273af5,Alina Harrison
fdcc8c10-9764-11f0-af13-9f1d1d273af5,Lucas Mendoza
fdcdeba0-9764-11f0-af13-9f1d1d273af5,Anne Ellis
fdcfe770-9764-11f0-af13-9f1d1d273af5,Becca Webb
fdd19520-9764-11f0-af13-9f1d1d273af5,Alora Hicks
fdd342d0-9764-11f0-af13-9f1d1d273af5,Olivia Mendoza
fdd51790-9764-11f0-af13-9f1d1d273af5,Ace Ellis
fdd67720-9764-11f0-af13-9f1d1d273af5,Isaac Rogers